condition,scenario_id,control_bank_mppi,corridor_prior_mppi,frenet_corridor_mppi,full_swarm_prior_mppi,gaussian_prior_mppi,heatmap_prior_mppi,mode_selecting_corridor_mppi,mode_selecting_homotopy_mppi,standard_mppi
dynamic_wall,wall_0_1,0.91,0.89,0.9,0.92,0.92,0.89,0.9,0.9,0.19
dynamic_wall,wall_0_2,0.55,0.38,0.43,0.46,0.46,0.38,0.44,0.44,0.03
dynamic_wall,wall_1_2,0.97,0.99,0.99,1.0,1.0,0.99,0.99,0.99,0.23
dynamic_wall,walls_0_1__1_2,0.7,0.65,0.67,0.64,0.64,0.65,0.61,0.61,0.03
no_wall,no_wall,0.96,0.99,0.99,1.0,1.0,0.99,0.97,0.97,0.29
static_wall,wall_0_1,1.0,1.0,1.0,1.0,1.0,1.0,1.0,1.0,0.2
static_wall,wall_0_2,1.0,0.97,0.98,0.95,0.95,0.97,0.99,0.99,0.04
static_wall,wall_1_2,1.0,1.0,0.99,0.99,0.99,1.0,0.99,0.99,0.19
static_wall,walls_0_1__1_2,0.97,0.94,0.97,0.94,0.94,0.94,0.98,0.98,0.03
