condition,variant,swarm_seed,controller_seed,seed,obstacle_layout_seed,obstacle_center_permutation,scenario_id,wall_pairs,wall_count,wall_width,wall_extension,trigger_progress,activation_preview_clearance,activation_step,activation_progress,activation_reason,activation_clearance,block_step,success,failure_reason,reached_goal,collision,not_reaching,first_collision_step,collision_after_block,exposed_to_blocker,goal_reached_before_block,selected_mode_switches,last_selected_mode,final_dist,min_clearance_dynamic,min_clearance_after_block,path_length,path_length_after_block,control_effort,control_effort_after_block,control_smoothness,control_smoothness_after_block,steps,steps_after_block,runtime_sec,runtime_per_step_sec,goal_tolerance,error
no_wall,full_swarm_prior_mppi,5,0,0,0,0->1;1->4;2->6;3->0;4->2;5->3;6->5,no_wall,,0,0.0,0.0,,0.75,,,,,,True,,True,False,False,,False,False,False,32,10,0.25858776269710687,0.270239342697092,nan,12.15450308453785,nan,146.9553618107008,nan,20.217007636161174,nan,84,0,1.0915081940001983,0.012994145166669028,0.3,
no_wall,gaussian_prior_mppi,5,0,0,0,0->1;1->4;2->6;3->0;4->2;5->3;6->5,no_wall,,0,0.0,0.0,,0.75,,,,,,True,,True,False,False,,False,False,False,32,10,0.25858776269710687,0.270239342697092,nan,12.15450308453785,nan,146.9553618107008,nan,20.217007636161174,nan,84,0,0.25599744700048177,0.0030475886547676402,0.3,
no_wall,corridor_prior_mppi,5,0,0,0,0->1;1->4;2->6;3->0;4->2;5->3;6->5,no_wall,,0,0.0,0.0,,0.75,,,,,,True,,True,False,False,,False,False,False,31,1,0.2653377770461855,0.25117825156991225,nan,12.248588954224413,nan,164.92099033482987,nan,20.31003498427658,nan,76,0,0.24552363899965712,0.0032305741973639094,0.3,
no_wall,frenet_corridor_mppi,5,0,0,0,0->1;1->4;2->6;3->0;4->2;5->3;6->5,no_wall,,0,0.0,0.0,,0.75,,,,,,True,,True,False,False,,False,False,False,37,9,0.28449596757538687,0.24859777066669986,nan,12.228378955533804,nan,155.22595153107812,nan,18.15319289884737,nan,81,0,0.46723801199914305,0.005768370518507939,0.3,
no_wall,heatmap_prior_mppi,5,0,0,0,0->1;1->4;2->6;3->0;4->2;5->3;6->5,no_wall,,0,0.0,0.0,,0.75,,,,,,True,,True,False,False,,False,False,False,31,1,0.2653377770461855,0.25117825156991225,nan,12.248588954224413,nan,164.92099033482987,nan,20.31003498427658,nan,76,0,0.24623117400005867,0.0032398838684218247,0.3,
no_wall,control_bank_mppi,5,0,0,0,0->1;1->4;2->6;3->0;4->2;5->3;6->5,no_wall,,0,0.0,0.0,,0.75,,,,,,True,,True,False,False,,False,False,False,0,,0.2990704868472986,0.11587999535812676,nan,12.203598157630214,nan,229.24957746632558,nan,19.82611401776498,nan,51,0,0.27036809399942285,0.005301335176459272,0.3,
no_wall,mode_selecting_homotopy_mppi,5,0,0,0,0->1;1->4;2->6;3->0;4->2;5->3;6->5,no_wall,,0,0.0,0.0,,0.75,,,,,,True,,True,False,False,,False,False,False,23,0,0.2654708123243404,0.2726407949118196,nan,12.312137821379475,nan,208.35753162213274,nan,22.104921168598445,nan,58,0,0.1965091019992542,0.0033880879655043827,0.3,
no_wall,mode_selecting_corridor_mppi,5,0,0,0,0->1;1->4;2->6;3->0;4->2;5->3;6->5,no_wall,,0,0.0,0.0,,0.75,,,,,,True,,True,False,False,,False,False,False,23,0,0.2654708123243404,0.2726407949118196,nan,12.312137821379475,nan,208.35753162213274,nan,22.104921168598445,nan,58,0,0.1996728880003502,0.0034426360000060384,0.3,
no_wall,standard_mppi,5,0,0,0,0->1;1->4;2->6;3->0;4->2;5->3;6->5,no_wall,,0,0.0,0.0,,0.75,,,,,,False,not_reaching,False,False,True,,False,False,False,0,,6.823132940991373,0.021344994364235148,nan,4.901157002688748,nan,125.7941277747149,nan,57.67378073651035,nan,130,0,0.08094281000012415,0.0006226370000009551,0.3,
dynamic_wall,full_swarm_prior_mppi,5,0,0,0,0->1;1->4;2->6;3->0;4->2;5->3;6->5,wall_0_1,0-1,1,0.4,0.2,0.25,0.75,13,0.2552888087001936,progress,0.7836824771680506,13,True,,True,False,False,,False,True,False,47,7,0.286429615029669,0.16125232893394859,0.16125232893394859,12.620755799435722,9.713100046681467,163.6891444821654,118.1783492013735,28.00082348417487,27.191113620604966,94,81,0.9640082589994563,0.010255407010632513,0.3,
dynamic_wall,gaussian_prior_mppi,5,0,0,0,0->1;1->4;2->6;3->0;4->2;5->3;6->5,wall_0_1,0-1,1,0.4,0.2,0.25,0.75,13,0.2552888087001936,progress,0.7836824771680506,13,True,,True,False,False,,False,True,False,47,7,0.286429615029669,0.16125232893394859,0.16125232893394859,12.620755799435722,9.713100046681467,163.6891444821654,118.1783492013735,28.00082348417487,27.191113620604966,94,81,0.9574750820011104,0.010185905127671388,0.3,
dynamic_wall,corridor_prior_mppi,5,0,0,0,0->1;1->4;2->6;3->0;4->2;5->3;6->5,wall_0_1,0-1,1,0.4,0.2,0.25,0.75,13,0.25823043618536257,progress,0.7830066774177531,13,True,,True,False,False,,False,True,False,33,4,0.29687629884670114,0.11744940869354165,0.11744940869354165,13.095299787995867,10.152695306947294,188.04254555013483,141.1256096339582,25.812644385539524,24.360109034670074,88,75,0.8909713680004643,0.010124674636368913,0.3,
dynamic_wall,frenet_corridor_mppi,5,0,0,0,0->1;1->4;2->6;3->0;4->2;5->3;6->5,wall_0_1,0-1,1,0.4,0.2,0.25,0.75,13,0.2604908986873564,progress,0.7940446509693251,13,True,,True,False,False,,False,True,False,45,7,0.25208445179291383,0.18213418354558553,0.18213418354558553,12.562719638397425,9.592552307914954,157.4050445705231,109.07543929334408,23.965761499487655,21.355758639734326,86,73,1.081603090999124,0.012576780127896791,0.3,
dynamic_wall,heatmap_prior_mppi,5,0,0,0,0->1;1->4;2->6;3->0;4->2;5->3;6->5,wall_0_1,0-1,1,0.4,0.2,0.25,0.75,13,0.25823043618536257,progress,0.7830066774177531,13,True,,True,False,False,,False,True,False,33,4,0.29687629884670114,0.11744940869354165,0.11744940869354165,13.095299787995867,10.152695306947294,188.04254555013483,141.1256096339582,25.812644385539524,24.360109034670074,88,75,0.9088107509996917,0.010327394897723769,0.3,
dynamic_wall,control_bank_mppi,5,0,0,0,0->1;1->4;2->6;3->0;4->2;5->3;6->5,wall_0_1,0-1,1,0.4,0.2,0.25,0.75,12,0.2450229926515935,clearance_preview,0.6215517466424776,12,True,,True,False,False,,False,True,False,0,,0.27771889859306337,0.07253919288620986,0.07253919288620986,14.886237685134645,11.98179046627349,297.12962359189163,244.29731081625204,15.637445895008163,11.056692818868978,59,47,0.3769590740012063,0.006389136847478073,0.3,
dynamic_wall,mode_selecting_homotopy_mppi,5,0,0,0,0->1;1->4;2->6;3->0;4->2;5->3;6->5,wall_0_1,0-1,1,0.4,0.2,0.25,0.75,13,0.27165281233976857,progress,0.7676380172787303,13,False,not_reaching,False,False,True,,False,True,False,45,4,5.296207513139998,0.0564578334674512,0.0564578334674512,11.027366952511917,7.9296670645318015,187.43077544959448,134.23560374905696,39.652617447410876,37.49839734747675,130,117,1.7535880249997717,0.013489138653844398,0.3,
dynamic_wall,mode_selecting_corridor_mppi,5,0,0,0,0->1;1->4;2->6;3->0;4->2;5->3;6->5,wall_0_1,0-1,1,0.4,0.2,0.25,0.75,13,0.27165281233976857,progress,0.7676380172787303,13,False,not_reaching,False,False,True,,False,True,False,45,4,5.296207513139998,0.0564578334674512,0.0564578334674512,11.027366952511917,7.9296670645318015,187.43077544959448,134.23560374905696,39.652617447410876,37.49839734747675,130,117,1.7587579480004933,0.013528907292311487,0.3,
dynamic_wall,standard_mppi,5,0,0,0,0->1;1->4;2->6;3->0;4->2;5->3;6->5,wall_0_1,0-1,1,0.4,0.2,0.25,0.75,8,0.20399277665991203,clearance_preview,0.7432455786222878,8,False,not_reaching,False,False,True,,False,True,False,0,,6.726140519555919,0.02154548232337905,0.02154548232337905,4.881183799582979,2.488809118383991,106.52763952739534,53.959811594182824,48.73290515994569,44.86361905508166,130,122,0.33289225500084285,0.0025607096538526374,0.3,
static_wall,full_swarm_prior_mppi,5,0,0,0,0->1;1->4;2->6;3->0;4->2;5->3;6->5,wall_0_1,0-1,1,0.4,0.2,,0.75,0,0.0,from_start,,0,True,,True,False,False,,False,True,False,41,5,0.29876385964672814,0.1445717473233325,0.1445717473233325,14.35494817374022,14.35494817374022,200.04832228833934,200.04832228833934,24.962756198639763,24.962756198639763,101,101,1.0224692600004346,0.010123458019806283,0.3,
static_wall,gaussian_prior_mppi,5,0,0,0,0->1;1->4;2->6;3->0;4->2;5->3;6->5,wall_0_1,0-1,1,0.4,0.2,,0.75,0,0.0,from_start,,0,True,,True,False,False,,False,True,False,41,5,0.29876385964672814,0.1445717473233325,0.1445717473233325,14.35494817374022,14.35494817374022,200.04832228833934,200.04832228833934,24.962756198639763,24.962756198639763,101,101,1.0155976690002717,0.010055422465349224,0.3,
static_wall,corridor_prior_mppi,5,0,0,0,0->1;1->4;2->6;3->0;4->2;5->3;6->5,wall_0_1,0-1,1,0.4,0.2,,0.75,0,0.0,from_start,,0,True,,True,False,False,,False,True,False,25,0,0.2655296494511356,0.20321092802955837,0.20321092802955837,12.812652639151718,12.812652639151718,166.9626123917726,166.9626123917726,27.925103849995253,27.925103849995253,85,85,0.8454061510001338,0.009945954717648633,0.3,
static_wall,frenet_corridor_mppi,5,0,0,0,0->1;1->4;2->6;3->0;4->2;5->3;6->5,wall_0_1,0-1,1,0.4,0.2,,0.75,0,0.0,from_start,,0,True,,True,False,False,,False,True,False,36,4,0.2659061079560204,0.20355461094615634,0.20355461094615634,13.596692129243335,13.596692129243335,194.74313021465366,194.74313021465366,31.66669306127446,31.66669306127446,99,99,1.2272445150010753,0.012396409242435104,0.3,
static_wall,heatmap_prior_mppi,5,0,0,0,0->1;1->4;2->6;3->0;4->2;5->3;6->5,wall_0_1,0-1,1,0.4,0.2,,0.75,0,0.0,from_start,,0,True,,True,False,False,,False,True,False,25,0,0.2655296494511356,0.20321092802955837,0.20321092802955837,12.812652639151718,12.812652639151718,166.9626123917726,166.9626123917726,27.925103849995253,27.925103849995253,85,85,0.8630325660014933,0.01015332430589992,0.3,
static_wall,control_bank_mppi,5,0,0,0,0->1;1->4;2->6;3->0;4->2;5->3;6->5,wall_0_1,0-1,1,0.4,0.2,,0.75,0,0.0,from_start,,0,True,,True,False,False,,False,True,False,0,,0.26437564765719895,0.18441283246323287,0.18441283246323287,12.411970231770102,12.411970231770102,217.6763976253248,217.6763976253248,20.020462646832538,20.020462646832538,57,57,0.4167343159988377,0.007311128350856802,0.3,
static_wall,mode_selecting_homotopy_mppi,5,0,0,0,0->1;1->4;2->6;3->0;4->2;5->3;6->5,wall_0_1,0-1,1,0.4,0.2,,0.75,0,0.0,from_start,,0,True,,True,False,False,,False,True,False,25,7,0.2943739815696121,0.16867038656242667,0.16867038656242667,13.073298328126013,13.073298328126013,205.1080257836034,205.1080257836034,25.577811644489373,25.577811644489373,72,72,1.0144548389998818,0.014089650541665024,0.3,
static_wall,mode_selecting_corridor_mppi,5,0,0,0,0->1;1->4;2->6;3->0;4->2;5->3;6->5,wall_0_1,0-1,1,0.4,0.2,,0.75,0,0.0,from_start,,0,True,,True,False,False,,False,True,False,25,7,0.2943739815696121,0.16867038656242667,0.16867038656242667,13.073298328126013,13.073298328126013,205.1080257836034,205.1080257836034,25.577811644489373,25.577811644489373,72,72,1.0173606910011586,0.014130009597238313,0.3,
static_wall,standard_mppi,5,0,0,0,0->1;1->4;2->6;3->0;4->2;5->3;6->5,wall_0_1,0-1,1,0.4,0.2,,0.75,0,0.0,from_start,,0,False,not_reaching,False,False,True,,False,True,False,0,,6.7757298373453025,0.010421477899805326,0.010421477899805326,5.004396227889615,5.004396227889615,110.21488958984212,110.21488958984212,44.005772166090665,44.005772166090665,130,130,0.3423904160008533,0.0026337724307757947,0.3,
dynamic_wall,full_swarm_prior_mppi,5,0,0,0,0->1;1->4;2->6;3->0;4->2;5->3;6->5,wall_0_2,0-2,1,0.4,0.2,0.25,0.75,13,0.2552888087001936,progress_and_clearance,0.5889134449122075,13,True,,True,False,False,,False,True,False,43,7,0.289399004097407,0.01976453322853053,0.01976453322853053,14.916642763871122,12.008987011116867,197.4429487751577,151.93215349436585,33.64767001442074,32.83970211774456,107,94,0.8864635139998427,0.008284705738316286,0.3,
dynamic_wall,gaussian_prior_mppi,5,0,0,0,0->1;1->4;2->6;3->0;4->2;5->3;6->5,wall_0_2,0-2,1,0.4,0.2,0.25,0.75,13,0.2552888087001936,progress_and_clearance,0.5889134449122075,13,True,,True,False,False,,False,True,False,43,7,0.289399004097407,0.01976453322853053,0.01976453322853053,14.916642763871122,12.008987011116867,197.4429487751577,151.93215349436585,33.64767001442074,32.83970211774456,107,94,0.8857790519996342,0.008278308897192844,0.3,
dynamic_wall,corridor_prior_mppi,5,0,0,0,0->1;1->4;2->6;3->0;4->2;5->3;6->5,wall_0_2,0-2,1,0.4,0.2,0.25,0.75,13,0.25823043618536257,progress_and_clearance,0.5643537017180198,13,False,not_reaching,False,False,True,,False,True,False,2,1,7.742794612775546,0.05138569415342181,0.05138569415342181,3.610814303673542,0.6682098226249699,58.884921451140634,11.967985534963997,13.009955908919878,11.55742055805042,130,117,1.189866234000874,0.009152817184622108,0.3,
dynamic_wall,frenet_corridor_mppi,5,0,0,0,0->1;1->4;2->6;3->0;4->2;5->3;6->5,wall_0_2,0-2,1,0.4,0.2,0.25,0.75,13,0.2604908986873564,progress_and_clearance,0.5518375792503405,13,True,,True,False,False,,False,True,False,43,3,0.29730520932586607,0.016248711684065886,0.016248711684065886,14.891686028745927,11.921518698263458,194.37466631245485,146.04506103527578,34.07956149128746,31.46955863153413,102,89,1.0959471779988235,0.010744580176459054,0.3,
dynamic_wall,heatmap_prior_mppi,5,0,0,0,0->1;1->4;2->6;3->0;4->2;5->3;6->5,wall_0_2,0-2,1,0.4,0.2,0.25,0.75,13,0.25823043618536257,progress_and_clearance,0.5643537017180198,13,False,not_reaching,False,False,True,,False,True,False,2,1,7.742794612775546,0.05138569415342181,0.05138569415342181,3.610814303673542,0.6682098226249699,58.884921451140634,11.967985534963997,13.009955908919878,11.55742055805042,130,117,1.1896145020000404,0.009150880784615695,0.3,
dynamic_wall,control_bank_mppi,5,0,0,0,0->1;1->4;2->6;3->0;4->2;5->3;6->5,wall_0_2,0-2,1,0.4,0.2,0.25,0.75,12,0.2450229926515935,clearance_preview,0.5712655583422859,12,True,,True,False,False,,False,True,False,0,,0.24432088344035072,0.015027694546867199,0.015027694546867199,14.675797864203608,11.771350645342453,289.2471241536537,236.4148113780142,28.38060022133331,23.368804097075756,63,51,0.3705827419998968,0.005882265746030109,0.3,
dynamic_wall,mode_selecting_homotopy_mppi,5,0,0,0,0->1;1->4;2->6;3->0;4->2;5->3;6->5,wall_0_2,0-2,1,0.4,0.2,0.25,0.75,12,0.2419555336375864,clearance_preview,0.7247412876703958,12,True,,True,False,False,,False,True,False,25,4,0.2655830739909716,0.021445158785900614,0.021445158785900614,14.962154946614238,12.200455058634123,266.5859604873361,221.6398606447159,23.12922875079381,21.395684723766294,68,56,0.5665311940010724,0.008331341088251065,0.3,
dynamic_wall,mode_selecting_corridor_mppi,5,0,0,0,0->1;1->4;2->6;3->0;4->2;5->3;6->5,wall_0_2,0-2,1,0.4,0.2,0.25,0.75,12,0.2419555336375864,clearance_preview,0.7247412876703958,12,True,,True,False,False,,False,True,False,25,4,0.2655830739909716,0.021445158785900614,0.021445158785900614,14.962154946614238,12.200455058634123,266.5859604873361,221.6398606447159,23.12922875079381,21.395684723766294,68,56,0.5648010829991108,0.008305898279398689,0.3,
dynamic_wall,standard_mppi,5,0,0,0,0->1;1->4;2->6;3->0;4->2;5->3;6->5,wall_0_2,0-2,1,0.4,0.2,0.25,0.75,9,0.23111564694650585,clearance_preview,0.4949287615217109,9,False,not_reaching,False,False,True,,False,True,False,0,,8.542494443367325,0.015489991817807691,0.015489991817807691,2.8963746811989886,0.1680000000000001,76.19687485670441,15.19180959426496,40.738876900971206,28.637590796107173,130,121,0.2732339920003142,0.002101799938463955,0.3,
static_wall,full_swarm_prior_mppi,5,0,0,0,0->1;1->4;2->6;3->0;4->2;5->3;6->5,wall_0_2,0-2,1,0.4,0.2,,0.75,0,0.0,from_start,,0,True,,True,False,False,,False,True,False,5,1,0.3011552918569357,0.16807005192341135,0.16807005192341135,14.691505215433887,14.691505215433887,214.08129213276996,214.08129213276996,32.15871622798613,32.15871622798613,115,115,0.6644119590000628,0.00577749529565272,0.3,
static_wall,gaussian_prior_mppi,5,0,0,0,0->1;1->4;2->6;3->0;4->2;5->3;6->5,wall_0_2,0-2,1,0.4,0.2,,0.75,0,0.0,from_start,,0,True,,True,False,False,,False,True,False,5,1,0.3011552918569357,0.16807005192341135,0.16807005192341135,14.691505215433887,14.691505215433887,214.08129213276996,214.08129213276996,32.15871622798613,32.15871622798613,115,115,0.6626748260005115,0.005762389791308796,0.3,
static_wall,corridor_prior_mppi,5,0,0,0,0->1;1->4;2->6;3->0;4->2;5->3;6->5,wall_0_2,0-2,1,0.4,0.2,,0.75,0,0.0,from_start,,0,True,,True,False,False,,False,True,False,3,0,0.3003022544022365,0.16023155937919287,0.16023155937919287,15.011584523835003,15.011584523835003,229.89059504970234,229.89059504970234,29.65622622050604,29.65622622050604,118,118,0.720807571999103,0.00610853874575511,0.3,
static_wall,frenet_corridor_mppi,5,0,0,0,0->1;1->4;2->6;3->0;4->2;5->3;6->5,wall_0_2,0-2,1,0.4,0.2,,0.75,0,0.0,from_start,,0,False,not_reaching,False,False,True,,False,True,False,0,1,1.3407807699658614,0.15588829561399842,0.15588829561399842,13.889213763994407,13.889213763994407,192.58848154108148,192.58848154108148,24.561311682388723,24.561311682388723,130,130,0.811312571999224,0.006240865938455569,0.3,
static_wall,heatmap_prior_mppi,5,0,0,0,0->1;1->4;2->6;3->0;4->2;5->3;6->5,wall_0_2,0-2,1,0.4,0.2,,0.75,0,0.0,from_start,,0,True,,True,False,False,,False,True,False,3,0,0.3003022544022365,0.16023155937919287,0.16023155937919287,15.011584523835003,15.011584523835003,229.89059504970234,229.89059504970234,29.65622622050604,29.65622622050604,118,118,0.7053644560000976,0.005977664881356759,0.3,
static_wall,control_bank_mppi,5,0,0,0,0->1;1->4;2->6;3->0;4->2;5->3;6->5,wall_0_2,0-2,1,0.4,0.2,,0.75,0,0.0,from_start,,0,True,,True,False,False,,False,True,False,0,,0.2699246916028063,0.09034055538254138,0.09034055538254138,13.862837289673157,13.862837289673157,268.22835192710875,268.22835192710875,14.165163893227415,14.165163893227415,57,57,0.2989159049993759,0.005244138684199578,0.3,
static_wall,mode_selecting_homotopy_mppi,5,0,0,0,0->1;1->4;2->6;3->0;4->2;5->3;6->5,wall_0_2,0-2,1,0.4,0.2,,0.75,0,0.0,from_start,,0,True,,True,False,False,,False,True,False,20,0,0.30365509847593336,0.21302742236891592,0.21302742236891592,12.508779461684096,12.508779461684096,197.93766981309653,197.93766981309653,27.167221113044352,27.167221113044352,70,70,0.8167460000004212,0.011667800000006017,0.3,
static_wall,mode_selecting_corridor_mppi,5,0,0,0,0->1;1->4;2->6;3->0;4->2;5->3;6->5,wall_0_2,0-2,1,0.4,0.2,,0.75,0,0.0,from_start,,0,True,,True,False,False,,False,True,False,20,0,0.30365509847593336,0.21302742236891592,0.21302742236891592,12.508779461684096,12.508779461684096,197.93766981309653,197.93766981309653,27.167221113044352,27.167221113044352,70,70,0.817308031999346,0.011675829028562085,0.3,
static_wall,standard_mppi,5,0,0,0,0->1;1->4;2->6;3->0;4->2;5->3;6->5,wall_0_2,0-2,1,0.4,0.2,,0.75,0,0.0,from_start,,0,False,not_reaching,False,False,True,,False,True,False,0,,8.542494443367325,0.015489991817807691,0.015489991817807691,2.8963746811989886,2.8963746811989886,76.19687485670441,76.19687485670441,40.738876900971206,40.738876900971206,130,130,0.28861143500034814,0.0022200879615411396,0.3,
dynamic_wall,full_swarm_prior_mppi,5,0,0,0,0->1;1->4;2->6;3->0;4->2;5->3;6->5,wall_1_2,1-2,1,0.4,0.2,0.25,0.75,13,0.2552888087001936,progress,3.5763609475174176,13,True,,True,False,False,,False,True,False,32,10,0.2585879714370239,0.27023934156802826,0.27023934156802826,12.154502934210845,9.246847181456587,146.95535728876843,101.44456200797654,20.21700558388938,19.95328145854446,84,71,0.7154275350003445,0.008516994464289815,0.3,
dynamic_wall,gaussian_prior_mppi,5,0,0,0,0->1;1->4;2->6;3->0;4->2;5->3;6->5,wall_1_2,1-2,1,0.4,0.2,0.25,0.75,13,0.2552888087001936,progress,3.5763609475174176,13,True,,True,False,False,,False,True,False,32,10,0.2585879714370239,0.27023934156802826,0.27023934156802826,12.154502934210845,9.246847181456587,146.95535728876843,101.44456200797654,20.21700558388938,19.95328145854446,84,71,0.7008193620004022,0.008343087642861931,0.3,
dynamic_wall,corridor_prior_mppi,5,0,0,0,0->1;1->4;2->6;3->0;4->2;5->3;6->5,wall_1_2,1-2,1,0.4,0.2,0.25,0.75,13,0.25823043618536257,progress,3.5489114742173644,13,True,,True,False,False,,False,True,False,31,1,0.2653455523079751,0.2511782516377665,0.2511782516377665,12.248582913536632,9.30597843248806,164.92089868467767,118.00396276850097,20.31020853247824,19.54392853095788,76,63,0.6503190319999703,0.008556829368420662,0.3,
dynamic_wall,frenet_corridor_mppi,5,0,0,0,0->1;1->4;2->6;3->0;4->2;5->3;6->5,wall_1_2,1-2,1,0.4,0.2,0.25,0.75,13,0.2604908986873564,progress,3.5198038233749847,13,True,,True,False,False,,False,True,False,37,8,0.2755384713223855,0.2490834426288775,0.2490834426288775,12.261303841265185,9.291136510782716,156.33657630274962,108.00697102557059,21.760883312801464,19.994927709782132,84,71,0.9270887470011075,0.011036770797632232,0.3,
dynamic_wall,heatmap_prior_mppi,5,0,0,0,0->1;1->4;2->6;3->0;4->2;5->3;6->5,wall_1_2,1-2,1,0.4,0.2,0.25,0.75,13,0.25823043618536257,progress,3.5489114742173644,13,True,,True,False,False,,False,True,False,31,1,0.2653455523079751,0.2511782516377665,0.2511782516377665,12.248582913536632,9.30597843248806,164.92089868467767,118.00396276850097,20.31020853247824,19.54392853095788,76,63,0.6359347300003719,0.008367562236846999,0.3,
dynamic_wall,control_bank_mppi,5,0,0,0,0->1;1->4;2->6;3->0;4->2;5->3;6->5,wall_1_2,1-2,1,0.4,0.2,0.25,0.75,13,0.26226163774888156,progress,3.695752350663017,13,True,,True,False,False,,False,True,False,0,,0.3005255811739373,0.11587999535812676,0.11587999535812676,12.268112793146134,9.165195044986362,225.67023778947504,170.0581225418543,15.002302426564988,9.739663270928169,53,40,0.30776783600049384,0.0058069403018961106,0.3,
dynamic_wall,mode_selecting_homotopy_mppi,5,0,0,0,0->1;1->4;2->6;3->0;4->2;5->3;6->5,wall_1_2,1-2,1,0.4,0.2,0.25,0.75,13,0.27165281233976857,progress,3.435506451415709,13,True,,True,False,False,,False,True,False,23,0,0.26547092498967856,0.2726407949114807,0.2726407949114807,12.312137601438515,9.214437713458397,208.3575287901037,155.16235708956617,22.104926170998176,20.060609352930758,58,45,0.5977774399998452,0.010306507586204229,0.3,
dynamic_wall,mode_selecting_corridor_mppi,5,0,0,0,0->1;1->4;2->6;3->0;4->2;5->3;6->5,wall_1_2,1-2,1,0.4,0.2,0.25,0.75,13,0.27165281233976857,progress,3.435506451415709,13,True,,True,False,False,,False,True,False,23,0,0.26547092498967856,0.2726407949114807,0.2726407949114807,12.312137601438515,9.214437713458397,208.3575287901037,155.16235708956617,22.104926170998176,20.060609352930758,58,45,0.6047046849998878,0.010425942844825653,0.3,
dynamic_wall,standard_mppi,5,0,0,0,0->1;1->4;2->6;3->0;4->2;5->3;6->5,wall_1_2,1-2,1,0.4,0.2,0.25,0.75,104,0.25129782245088883,progress,3.9585418978660516,104,False,not_reaching,False,False,True,,False,True,False,0,,6.780782829987003,0.021344994364235148,0.021344994364235148,4.803905038735203,1.8235303575362147,123.58106217115477,38.70149167898458,54.000633015792246,11.153592968981993,130,26,0.11751151600037701,0.0009039347384644386,0.3,
static_wall,full_swarm_prior_mppi,5,0,0,0,0->1;1->4;2->6;3->0;4->2;5->3;6->5,wall_1_2,1-2,1,0.4,0.2,,0.75,0,0.0,from_start,,0,True,,True,False,False,,False,True,False,43,1,0.29982917025982214,0.20525706404672378,0.20525706404672378,12.540932285859032,12.540932285859032,160.54671355152544,160.54671355152544,29.970356579038476,29.970356579038476,98,98,0.8652726319996873,0.00882931257142538,0.3,
static_wall,gaussian_prior_mppi,5,0,0,0,0->1;1->4;2->6;3->0;4->2;5->3;6->5,wall_1_2,1-2,1,0.4,0.2,,0.75,0,0.0,from_start,,0,True,,True,False,False,,False,True,False,43,1,0.29982917025982214,0.20525706404672378,0.20525706404672378,12.540932285859032,12.540932285859032,160.54671355152544,160.54671355152544,29.970356579038476,29.970356579038476,98,98,0.8554775259999587,0.008729362510203661,0.3,
static_wall,corridor_prior_mppi,5,0,0,0,0->1;1->4;2->6;3->0;4->2;5->3;6->5,wall_1_2,1-2,1,0.4,0.2,,0.75,0,0.0,from_start,,0,True,,True,False,False,,False,True,False,42,5,0.26304382467221754,0.19847804807615543,0.19847804807615543,12.806916916234847,12.806916916234847,182.48895910330842,182.48895910330842,33.682374167016825,33.682374167016825,96,96,0.845660378001412,0.008808962270848042,0.3,
static_wall,frenet_corridor_mppi,5,0,0,0,0->1;1->4;2->6;3->0;4->2;5->3;6->5,wall_1_2,1-2,1,0.4,0.2,,0.75,0,0.0,from_start,,0,True,,True,False,False,,False,True,False,39,1,0.3040034402846154,0.2069480523822369,0.2069480523822369,12.46660624798203,12.46660624798203,164.6755984162899,164.6755984162899,28.275733221962977,28.275733221962977,92,92,1.0337784120001743,0.011236721869567113,0.3,
static_wall,heatmap_prior_mppi,5,0,0,0,0->1;1->4;2->6;3->0;4->2;5->3;6->5,wall_1_2,1-2,1,0.4,0.2,,0.75,0,0.0,from_start,,0,True,,True,False,False,,False,True,False,42,5,0.26304382467221754,0.19847804807615543,0.19847804807615543,12.806916916234847,12.806916916234847,182.48895910330842,182.48895910330842,33.682374167016825,33.682374167016825,96,96,0.8556717289993685,0.008913247177076755,0.3,
static_wall,control_bank_mppi,5,0,0,0,0->1;1->4;2->6;3->0;4->2;5->3;6->5,wall_1_2,1-2,1,0.4,0.2,,0.75,0,0.0,from_start,,0,True,,True,False,False,,False,True,False,0,,0.2945306563102511,0.06968967862737535,0.06968967862737535,12.080899868189931,12.080899868189931,222.33139135397067,222.33139135397067,21.231018657996216,21.231018657996216,54,54,0.35931212100149423,0.006653928166694338,0.3,
static_wall,mode_selecting_homotopy_mppi,5,0,0,0,0->1;1->4;2->6;3->0;4->2;5->3;6->5,wall_1_2,1-2,1,0.4,0.2,,0.75,0,0.0,from_start,,0,True,,True,False,False,,False,True,False,20,0,0.2937692338486905,0.17966044279520543,0.17966044279520543,12.405177305145902,12.405177305145902,205.8011400434858,205.8011400434858,20.560883166185825,20.560883166185825,60,60,0.7299014350010111,0.01216502391668352,0.3,
static_wall,mode_selecting_corridor_mppi,5,0,0,0,0->1;1->4;2->6;3->0;4->2;5->3;6->5,wall_1_2,1-2,1,0.4,0.2,,0.75,0,0.0,from_start,,0,True,,True,False,False,,False,True,False,20,0,0.2937692338486905,0.17966044279520543,0.17966044279520543,12.405177305145902,12.405177305145902,205.8011400434858,205.8011400434858,20.560883166185825,20.560883166185825,60,60,0.7235447279999789,0.012059078799999649,0.3,
static_wall,standard_mppi,5,0,0,0,0->1;1->4;2->6;3->0;4->2;5->3;6->5,wall_1_2,1-2,1,0.4,0.2,,0.75,0,0.0,from_start,,0,False,not_reaching,False,False,True,,False,True,False,0,,6.779920519138156,0.015371018344016996,0.015371018344016996,4.803905038735204,4.803905038735204,120.51902008054131,120.51902008054131,51.780530522354454,51.780530522354454,130,130,0.2848753870002838,0.002191349130771414,0.3,
dynamic_wall,full_swarm_prior_mppi,5,0,0,0,0->1;1->4;2->6;3->0;4->2;5->3;6->5,walls_0_1__1_2,0-1;1-2,2,0.4,0.2,0.25,0.75,13,0.2552888087001936,progress,0.7836824771680506,13,True,,True,False,False,,False,True,False,46,4,0.2874564964050215,0.1332231220959733,0.1332231220959733,15.041864446258927,12.13420869350467,196.46896475437845,150.95816947358657,22.405166758820833,21.59545689525104,105,92,1.5719446980001521,0.014970901885715735,0.3,
dynamic_wall,gaussian_prior_mppi,5,0,0,0,0->1;1->4;2->6;3->0;4->2;5->3;6->5,walls_0_1__1_2,0-1;1-2,2,0.4,0.2,0.25,0.75,13,0.2552888087001936,progress,0.7836824771680506,13,True,,True,False,False,,False,True,False,46,4,0.2874564964050215,0.1332231220959733,0.1332231220959733,15.041864446258927,12.13420869350467,196.46896475437845,150.95816947358657,22.405166758820833,21.59545689525104,105,92,1.579051488000914,0.015038585600008706,0.3,
dynamic_wall,corridor_prior_mppi,5,0,0,0,0->1;1->4;2->6;3->0;4->2;5->3;6->5,walls_0_1__1_2,0-1;1-2,2,0.4,0.2,0.25,0.75,13,0.25823043618536257,progress,0.7830066774177531,13,True,,True,False,False,,False,True,False,39,4,0.2603229916877215,0.1397793024202723,0.1397793024202723,14.998502305490735,12.055897824442162,208.3103551376035,161.39341922142688,25.342822530508887,23.890287179639426,93,80,1.3895080930014956,0.01494094723657522,0.3,
dynamic_wall,frenet_corridor_mppi,5,0,0,0,0->1;1->4;2->6;3->0;4->2;5->3;6->5,walls_0_1__1_2,0-1;1-2,2,0.4,0.2,0.25,0.75,13,0.2604908986873564,progress,0.7940446509693251,13,True,,True,False,False,,False,True,False,34,4,0.29678452385391807,0.12104602099177847,0.12104602099177847,14.997751066648991,12.027583736166521,203.48509497787526,155.15548970069622,23.74992219464893,21.139919334895602,93,80,1.5753741799999261,0.016939507311827164,0.3,
dynamic_wall,heatmap_prior_mppi,5,0,0,0,0->1;1->4;2->6;3->0;4->2;5->3;6->5,walls_0_1__1_2,0-1;1-2,2,0.4,0.2,0.25,0.75,13,0.25823043618536257,progress,0.7830066774177531,13,True,,True,False,False,,False,True,False,39,4,0.2603229916877215,0.1397793024202723,0.1397793024202723,14.998502305490735,12.055897824442162,208.3103551376035,161.39341922142688,25.342822530508887,23.890287179639426,93,80,1.375212767999983,0.014787234064515946,0.3,
dynamic_wall,control_bank_mppi,5,0,0,0,0->1;1->4;2->6;3->0;4->2;5->3;6->5,walls_0_1__1_2,0-1;1-2,2,0.4,0.2,0.25,0.75,12,0.2450229926515935,clearance_preview,0.6215517466424776,12,True,,True,False,False,,False,True,False,0,,0.29698559668061425,0.1213286983474326,0.1213286983474326,14.9201278343047,12.015680615443546,300.8499859479449,248.0176731723053,12.540156605363766,7.959403529226618,57,45,0.5106253089998063,0.008958338754382567,0.3,
dynamic_wall,mode_selecting_homotopy_mppi,5,0,0,0,0->1;1->4;2->6;3->0;4->2;5->3;6->5,walls_0_1__1_2,0-1;1-2,2,0.4,0.2,0.25,0.75,13,0.27165281233976857,progress,0.7676380172787303,13,True,,True,False,False,,False,True,False,26,2,0.27822922464027006,0.16247219365502608,0.16247219365502608,15.484684834608085,12.38698494662797,276.54506127542567,223.3498895748881,25.231655204792414,23.077435104858292,75,62,1.1983357669996622,0.015977810226662163,0.3,
dynamic_wall,mode_selecting_corridor_mppi,5,0,0,0,0->1;1->4;2->6;3->0;4->2;5->3;6->5,walls_0_1__1_2,0-1;1-2,2,0.4,0.2,0.25,0.75,13,0.27165281233976857,progress,0.7676380172787303,13,True,,True,False,False,,False,True,False,26,2,0.27822922464027006,0.16247219365502608,0.16247219365502608,15.484684834608085,12.38698494662797,276.54506127542567,223.3498895748881,25.231655204792414,23.077435104858292,75,62,1.2006275599997025,0.0160083674666627,0.3,
dynamic_wall,standard_mppi,5,0,0,0,0->1;1->4;2->6;3->0;4->2;5->3;6->5,walls_0_1__1_2,0-1;1-2,2,0.4,0.2,0.25,0.75,8,0.20399277665991203,clearance_preview,0.7432455786222878,8,False,not_reaching,False,False,True,,False,True,False,0,,6.761915413879984,0.008269234046936552,0.008269234046936552,5.057182698069054,2.664808016870066,113.46197221924122,60.8941442860287,47.53866147824575,43.669375373381705,130,122,0.5273639110000659,0.004056645469231276,0.3,
static_wall,full_swarm_prior_mppi,5,0,0,0,0->1;1->4;2->6;3->0;4->2;5->3;6->5,walls_0_1__1_2,0-1;1-2,2,0.4,0.2,,0.75,0,0.0,from_start,,0,True,,True,False,False,,False,True,False,36,4,0.2812420387939539,0.2122037511187872,0.2122037511187872,13.11189387531652,13.11189387531652,171.5920918640266,171.5920918640266,35.58165994228449,35.58165994228449,101,101,1.5811326970015216,0.015654779178232887,0.3,
static_wall,gaussian_prior_mppi,5,0,0,0,0->1;1->4;2->6;3->0;4->2;5->3;6->5,walls_0_1__1_2,0-1;1-2,2,0.4,0.2,,0.75,0,0.0,from_start,,0,True,,True,False,False,,False,True,False,36,4,0.2812420387939539,0.2122037511187872,0.2122037511187872,13.11189387531652,13.11189387531652,171.5920918640266,171.5920918640266,35.58165994228449,35.58165994228449,101,101,1.560873349000758,0.015454191574264932,0.3,
static_wall,corridor_prior_mppi,5,0,0,0,0->1;1->4;2->6;3->0;4->2;5->3;6->5,walls_0_1__1_2,0-1;1-2,2,0.4,0.2,,0.75,0,0.0,from_start,,0,True,,True,False,False,,False,True,False,29,0,0.25300162430968615,0.20916288942327488,0.20916288942327488,13.270854236299122,13.270854236299122,193.72460109472752,193.72460109472752,29.804497846089152,29.804497846089152,97,97,1.5495342220001476,0.015974579608248943,0.3,
static_wall,frenet_corridor_mppi,5,0,0,0,0->1;1->4;2->6;3->0;4->2;5->3;6->5,walls_0_1__1_2,0-1;1-2,2,0.4,0.2,,0.75,0,0.0,from_start,,0,True,,True,False,False,,False,True,False,28,0,0.2465868247281957,0.17189457583932033,0.17189457583932033,12.652865903430293,12.652865903430293,168.12431558466605,168.12431558466605,26.848641833836226,26.848641833836226,88,88,1.6158888669997395,0.018362373488633402,0.3,
static_wall,heatmap_prior_mppi,5,0,0,0,0->1;1->4;2->6;3->0;4->2;5->3;6->5,walls_0_1__1_2,0-1;1-2,2,0.4,0.2,,0.75,0,0.0,from_start,,0,True,,True,False,False,,False,True,False,29,0,0.25300162430968615,0.20916288942327488,0.20916288942327488,13.270854236299122,13.270854236299122,193.72460109472752,193.72460109472752,29.804497846089152,29.804497846089152,97,97,1.5263356089999434,0.015735418649483954,0.3,
static_wall,control_bank_mppi,5,0,0,0,0->1;1->4;2->6;3->0;4->2;5->3;6->5,walls_0_1__1_2,0-1;1-2,2,0.4,0.2,,0.75,0,0.0,from_start,,0,True,,True,False,False,,False,True,False,0,,0.2983386163919382,0.132060389879949,0.132060389879949,12.37889704988976,12.37889704988976,248.82976766866585,248.82976766866585,16.62186801710605,16.62186801710605,50,50,0.5302684609996504,0.010605369219993008,0.3,
static_wall,mode_selecting_homotopy_mppi,5,0,0,0,0->1;1->4;2->6;3->0;4->2;5->3;6->5,walls_0_1__1_2,0-1;1-2,2,0.4,0.2,,0.75,0,0.0,from_start,,0,True,,True,False,False,,False,True,False,19,0,0.26106605320123516,0.19243782926122183,0.19243782926122183,12.852977671865784,12.852977671865784,195.60328747223718,195.60328747223718,32.80949987184222,32.80949987184222,80,80,1.8649510639988875,0.023311888299986094,0.3,
static_wall,mode_selecting_corridor_mppi,5,0,0,0,0->1;1->4;2->6;3->0;4->2;5->3;6->5,walls_0_1__1_2,0-1;1-2,2,0.4,0.2,,0.75,0,0.0,from_start,,0,True,,True,False,False,,False,True,False,19,0,0.26106605320123516,0.19243782926122183,0.19243782926122183,12.852977671865784,12.852977671865784,195.60328747223718,195.60328747223718,32.80949987184222,32.80949987184222,80,80,1.8745114310004283,0.023431392887505353,0.3,
static_wall,standard_mppi,5,0,0,0,0->1;1->4;2->6;3->0;4->2;5->3;6->5,walls_0_1__1_2,0-1;1-2,2,0.4,0.2,,0.75,0,0.0,from_start,,0,False,not_reaching,False,False,True,,False,True,False,0,,6.761915413879984,0.008269234046936552,0.008269234046936552,5.057182698069054,5.057182698069054,113.46197221924122,113.46197221924122,47.53866147824575,47.53866147824575,130,130,0.5504903580003884,0.004234541215387603,0.3,
