condition,scenario_id,variant,trials,successes,success_rate,collision_rate,not_reaching_rate,exposed_rate,mean_activation_step,mean_activation_progress,mean_min_clearance_after_block,mean_final_dist
dynamic_wall,wall_0_1,control_bank_mppi,100,92,0.92,0.0,0.08,1.0,14.06,0.25290566768496003,0.1517548507418374,0.7592092813073917
dynamic_wall,wall_0_1,corridor_prior_mppi,100,89,0.89,0.0,0.11,1.0,12.89,0.25018096926107736,0.11581183074866294,0.9724250768286679
dynamic_wall,wall_0_1,frenet_corridor_mppi,100,85,0.85,0.0,0.15,1.0,14.04,0.24947629305394756,0.14204001179701473,1.1967376282411462
dynamic_wall,wall_0_1,full_swarm_prior_mppi,100,92,0.92,0.0,0.08,1.0,14.11,0.24842547634180426,0.14706291124081997,0.7878259225964065
dynamic_wall,wall_0_1,gaussian_prior_mppi,100,85,0.85,0.0,0.15,1.0,14.12,0.25040325364308463,0.1363293029523988,1.2319595880756333
dynamic_wall,wall_0_1,mode_selecting_corridor_mppi,100,85,0.85,0.0,0.15,1.0,12.22,0.2501987020426461,0.11130193458676116,1.2183520441219684
dynamic_wall,wall_0_1,mode_selecting_gaussian_mppi,100,87,0.87,0.0,0.13,1.0,13.95,0.24979765623389358,0.1439614096502786,1.1210800830527639
dynamic_wall,wall_0_1,standard_mppi,100,19,0.19,0.0,0.81,0.8,10.275,0.24667925337640834,0.07580210740155698,6.041046240801759
dynamic_wall,wall_0_1,standard_mppi_128_rollouts,100,38,0.38,0.0,0.62,0.81,9.17283950617284,0.24514919489409398,0.08678978879233239,4.971663655511996
dynamic_wall,wall_0_2,control_bank_mppi,100,60,0.6,0.0,0.4,1.0,13.97,0.2509740170346516,0.08668522137892015,3.278659763692807
dynamic_wall,wall_0_2,corridor_prior_mppi,100,48,0.48,0.0,0.52,1.0,12.71,0.24657404353070891,0.05842970005426006,4.179718311857214
dynamic_wall,wall_0_2,frenet_corridor_mppi,100,42,0.42,0.0,0.58,1.0,13.81,0.2455197417960471,0.07241060058028709,4.57586641972655
dynamic_wall,wall_0_2,full_swarm_prior_mppi,100,55,0.55,0.0,0.45,1.0,13.98,0.2461690456702076,0.07611609882350562,3.669319686521556
dynamic_wall,wall_0_2,gaussian_prior_mppi,100,29,0.29,0.0,0.71,1.0,13.92,0.2467784139797379,0.06471328039330862,5.517164223656307
dynamic_wall,wall_0_2,mode_selecting_corridor_mppi,100,50,0.5,0.0,0.5,1.0,12.09,0.24753741129667792,0.0531839305285029,4.059062781404574
dynamic_wall,wall_0_2,mode_selecting_gaussian_mppi,100,31,0.31,0.0,0.69,1.0,13.78,0.2466513336089388,0.07106604153709471,5.383560998244739
dynamic_wall,wall_0_2,standard_mppi,100,0,0.0,0.0,1.0,0.8,10.225,0.24539081975950244,0.04727261390052937,8.143149257754855
dynamic_wall,wall_0_2,standard_mppi_128_rollouts,100,1,0.01,0.0,0.99,0.81,9.049382716049383,0.2431393373716558,0.05138196409139511,8.096368521511888
dynamic_wall,wall_1_2,control_bank_mppi,100,100,1.0,0.0,0.0,1.0,14.44,0.2616533080290511,0.1686340941868425,0.2667191881209888
dynamic_wall,wall_1_2,corridor_prior_mppi,100,97,0.97,0.0,0.03,1.0,13.37,0.2619503259360364,0.12482922776594153,0.5079693771712696
dynamic_wall,wall_1_2,frenet_corridor_mppi,100,100,1.0,0.0,0.0,1.0,14.58,0.2592374386420515,0.14703868369719025,0.2686192718174767
dynamic_wall,wall_1_2,full_swarm_prior_mppi,100,100,1.0,0.0,0.0,1.0,14.79,0.2603244970835484,0.1557323827395119,0.2734350881957435
dynamic_wall,wall_1_2,gaussian_prior_mppi,100,94,0.94,0.0,0.06,1.0,14.63,0.2589941003231,0.1441309034976792,0.625650088601802
dynamic_wall,wall_1_2,mode_selecting_corridor_mppi,100,99,0.99,0.0,0.01,1.0,12.73,0.2632846737626946,0.12038562216819493,0.33149734916985957
dynamic_wall,wall_1_2,mode_selecting_gaussian_mppi,100,99,0.99,0.0,0.01,1.0,14.47,0.2591723655054117,0.15163569806762375,0.35238057359695896
dynamic_wall,wall_1_2,standard_mppi,100,35,0.35,0.0,0.65,0.75,10.933333333333334,0.26143668946906273,0.0971809393469407,5.114085005651939
dynamic_wall,wall_1_2,standard_mppi_128_rollouts,100,50,0.5,0.0,0.5,0.73,9.63013698630137,0.260680665540989,0.1045771994034854,4.226282385014482
dynamic_wall,walls_0_1__1_2,control_bank_mppi,100,67,0.67,0.0,0.33,1.0,14.06,0.25290566768496003,0.1194898522120814,2.071299413817265
dynamic_wall,walls_0_1__1_2,corridor_prior_mppi,100,56,0.56,0.01,0.43,1.0,12.89,0.25018096926107736,0.07753090976966273,2.9136589480656863
dynamic_wall,walls_0_1__1_2,frenet_corridor_mppi,100,58,0.58,0.0,0.42,1.0,14.04,0.24947629305394756,0.10745324047991164,2.6790178381418555
dynamic_wall,walls_0_1__1_2,full_swarm_prior_mppi,100,66,0.66,0.0,0.34,1.0,14.11,0.24842547634180426,0.09235880970994545,2.1018322993989433
dynamic_wall,walls_0_1__1_2,gaussian_prior_mppi,100,54,0.54,0.0,0.46,1.0,14.12,0.25040325364308463,0.0965561726652589,2.958599331898929
dynamic_wall,walls_0_1__1_2,mode_selecting_corridor_mppi,100,64,0.64,0.0,0.36,1.0,12.22,0.2501987020426461,0.07882367506406557,2.4373948060604858
dynamic_wall,walls_0_1__1_2,mode_selecting_gaussian_mppi,100,56,0.56,0.0,0.44,1.0,13.95,0.24979765623389358,0.10595787381703708,2.871495394277907
dynamic_wall,walls_0_1__1_2,standard_mppi,100,0,0.0,0.0,1.0,0.8,10.275,0.24667925337640834,0.06048313300623873,6.890631810247721
dynamic_wall,walls_0_1__1_2,standard_mppi_128_rollouts,100,1,0.01,0.0,0.99,0.81,9.17283950617284,0.24514919489409398,0.05904320884996661,6.709340065782443
no_wall,no_wall,control_bank_mppi,100,100,1.0,0.0,0.0,0.0,,,,0.26771033264446176
no_wall,no_wall,corridor_prior_mppi,100,98,0.98,0.0,0.02,0.0,,,,0.43253245900665727
no_wall,no_wall,frenet_corridor_mppi,100,98,0.98,0.0,0.02,0.0,,,,0.41149225577868515
no_wall,no_wall,full_swarm_prior_mppi,100,100,1.0,0.0,0.0,0.0,,,,0.26958351994144036
no_wall,no_wall,gaussian_prior_mppi,100,99,0.99,0.0,0.01,0.0,,,,0.3283255736424053
no_wall,no_wall,mode_selecting_corridor_mppi,100,100,1.0,0.0,0.0,0.0,,,,0.27419834545104105
no_wall,no_wall,mode_selecting_gaussian_mppi,100,99,0.99,0.0,0.01,0.0,,,,0.3461675682114194
no_wall,no_wall,standard_mppi,100,39,0.39,0.0,0.61,0.0,,,,4.890316428484905
no_wall,no_wall,standard_mppi_128_rollouts,100,54,0.54,0.0,0.46,0.0,,,,4.01415667747148
static_wall,wall_0_1,control_bank_mppi,100,97,0.97,0.0,0.03,1.0,0.0,0.0,0.16745774142870637,0.46078014607733037
static_wall,wall_0_1,corridor_prior_mppi,100,97,0.97,0.0,0.03,1.0,0.0,0.0,0.10507238637412383,0.5163755460162561
static_wall,wall_0_1,frenet_corridor_mppi,100,99,0.99,0.0,0.01,1.0,0.0,0.0,0.14404385479771808,0.3357381248606931
static_wall,wall_0_1,full_swarm_prior_mppi,100,100,1.0,0.0,0.0,1.0,0.0,0.0,0.17019687428019392,0.27058603393655206
static_wall,wall_0_1,gaussian_prior_mppi,100,97,0.97,0.0,0.03,1.0,0.0,0.0,0.13957307896735313,0.45448175298497145
static_wall,wall_0_1,mode_selecting_corridor_mppi,100,100,1.0,0.0,0.0,1.0,0.0,0.0,0.10148690820685598,0.2714182653332159
static_wall,wall_0_1,mode_selecting_gaussian_mppi,100,100,1.0,0.0,0.0,1.0,0.0,0.0,0.14863981250772526,0.27318901645265015
static_wall,wall_0_1,standard_mppi,100,32,0.32,0.0,0.68,1.0,0.0,0.0,0.11387744957140403,5.466262575799492
static_wall,wall_0_1,standard_mppi_128_rollouts,100,41,0.41,0.01,0.58,1.0,0.0,0.0,0.1072536866230484,5.103140921812087
static_wall,wall_0_2,control_bank_mppi,100,100,1.0,0.0,0.0,1.0,0.0,0.0,0.15536466396774665,0.27440965426280767
static_wall,wall_0_2,corridor_prior_mppi,100,96,0.96,0.0,0.04,1.0,0.0,0.0,0.11165546280414075,0.6031842141862058
static_wall,wall_0_2,frenet_corridor_mppi,100,100,1.0,0.0,0.0,1.0,0.0,0.0,0.1701370421655505,0.2727223657222931
static_wall,wall_0_2,full_swarm_prior_mppi,100,100,1.0,0.0,0.0,1.0,0.0,0.0,0.18242920575233879,0.27071919657043575
static_wall,wall_0_2,gaussian_prior_mppi,100,98,0.98,0.0,0.02,1.0,0.0,0.0,0.16150579002179147,0.39543069919162993
static_wall,wall_0_2,mode_selecting_corridor_mppi,100,100,1.0,0.0,0.0,1.0,0.0,0.0,0.10760619328358034,0.27375285189415666
static_wall,wall_0_2,mode_selecting_gaussian_mppi,100,99,0.99,0.0,0.01,1.0,0.0,0.0,0.15963558070214112,0.3412790856272459
static_wall,wall_0_2,standard_mppi,100,0,0.0,0.0,1.0,1.0,0.0,0.0,0.09729790956423344,8.35627425871121
static_wall,wall_0_2,standard_mppi_128_rollouts,100,1,0.01,0.0,0.99,1.0,0.0,0.0,0.0820561503326252,8.455501215855527
static_wall,wall_1_2,control_bank_mppi,100,100,1.0,0.0,0.0,1.0,0.0,0.0,0.15607509434652353,0.27031801587140175
static_wall,wall_1_2,corridor_prior_mppi,100,100,1.0,0.0,0.0,1.0,0.0,0.0,0.11734368848970489,0.27188251769813904
static_wall,wall_1_2,frenet_corridor_mppi,100,99,0.99,0.0,0.01,1.0,0.0,0.0,0.1632853295257714,0.29643015871599177
static_wall,wall_1_2,full_swarm_prior_mppi,100,100,1.0,0.0,0.0,1.0,0.0,0.0,0.16822030161674723,0.2710139156231435
static_wall,wall_1_2,gaussian_prior_mppi,100,100,1.0,0.0,0.0,1.0,0.0,0.0,0.15072644235831575,0.27344355396504183
static_wall,wall_1_2,mode_selecting_corridor_mppi,100,100,1.0,0.0,0.0,1.0,0.0,0.0,0.11263268169107189,0.27097836170234674
static_wall,wall_1_2,mode_selecting_gaussian_mppi,100,100,1.0,0.0,0.0,1.0,0.0,0.0,0.15006967244614566,0.26961439682808624
static_wall,wall_1_2,standard_mppi,100,28,0.28,0.0,0.72,1.0,0.0,0.0,0.12936256050073866,6.055404565427755
static_wall,wall_1_2,standard_mppi_128_rollouts,100,44,0.44,0.0,0.56,1.0,0.0,0.0,0.10652571519558787,4.86847762486327
static_wall,walls_0_1__1_2,control_bank_mppi,100,97,0.97,0.0,0.03,1.0,0.0,0.0,0.15871562537765121,0.522418424088929
static_wall,walls_0_1__1_2,corridor_prior_mppi,100,97,0.97,0.0,0.03,1.0,0.0,0.0,0.11833439362321255,0.5235962026675501
static_wall,walls_0_1__1_2,frenet_corridor_mppi,100,97,0.97,0.0,0.03,1.0,0.0,0.0,0.1687102050528792,0.5237634896920152
static_wall,walls_0_1__1_2,full_swarm_prior_mppi,100,98,0.98,0.0,0.02,1.0,0.0,0.0,0.17287297552798317,0.44120199176501573
static_wall,walls_0_1__1_2,gaussian_prior_mppi,100,98,0.98,0.0,0.02,1.0,0.0,0.0,0.15365119926273035,0.4448032130400403
static_wall,walls_0_1__1_2,mode_selecting_corridor_mppi,100,98,0.98,0.0,0.02,1.0,0.0,0.0,0.11744294214995168,0.4445028245893139
static_wall,walls_0_1__1_2,mode_selecting_gaussian_mppi,100,98,0.98,0.0,0.02,1.0,0.0,0.0,0.1642934283458207,0.44897179661558445
static_wall,walls_0_1__1_2,standard_mppi,100,0,0.0,0.0,1.0,1.0,0.0,0.0,0.08578225415342752,7.256126404233656
static_wall,walls_0_1__1_2,standard_mppi_128_rollouts,100,1,0.01,0.0,0.99,1.0,0.0,0.0,0.08197286301115474,8.44249849169228
