condition,scenario_id,control_bank_mppi,corridor_prior_mppi,frenet_corridor_mppi,full_swarm_prior_mppi,gaussian_prior_mppi,mode_selecting_corridor_mppi,mode_selecting_gaussian_mppi,standard_mppi,standard_mppi_128_rollouts
dynamic_wall,wall_0_1,0.92,0.89,0.85,0.92,0.85,0.85,0.87,0.19,0.38
dynamic_wall,wall_0_2,0.6,0.48,0.42,0.55,0.29,0.5,0.31,0.0,0.01
dynamic_wall,wall_1_2,1.0,0.97,1.0,1.0,0.94,0.99,0.99,0.35,0.5
dynamic_wall,walls_0_1__1_2,0.67,0.56,0.58,0.66,0.54,0.64,0.56,0.0,0.01
no_wall,no_wall,1.0,0.98,0.98,1.0,0.99,1.0,0.99,0.39,0.54
static_wall,wall_0_1,0.97,0.97,0.99,1.0,0.97,1.0,1.0,0.32,0.41
static_wall,wall_0_2,1.0,0.96,1.0,1.0,0.98,1.0,0.99,0.0,0.01
static_wall,wall_1_2,1.0,1.0,0.99,1.0,1.0,1.0,1.0,0.28,0.44
static_wall,walls_0_1__1_2,0.97,0.97,0.97,0.98,0.98,0.98,0.98,0.0,0.01
