condition,variant,metric,source_column,mean,std,n,sample_scope
dynamic_wall,control_bank_mppi,control_effort,control_effort,180.35475426105788,22.56885499737534,30,successful trials only
dynamic_wall,control_bank_mppi,steps,steps,75.36666666666666,12.05299600280686,30,successful trials only
dynamic_wall,control_bank_mppi,runtime_per_step_sec,runtime_per_step_sec,0.04808261678153515,0.011595591558064899,40,all trials with valid values
dynamic_wall,control_bank_mppi,control_smoothness_overall,_derived_control_smoothness_overall_per_transition,0.635173130413987,0.21054606020232788,30,successful trials only
dynamic_wall,control_bank_mppi,control_smoothness_after,_derived_control_smoothness_after_per_transition,0.7157735346194845,0.2160923935444058,30,successful trials only
dynamic_wall,corridor_prior_mppi,control_effort,control_effort,183.5761292578448,21.208690206226873,28,successful trials only
dynamic_wall,corridor_prior_mppi,steps,steps,89.25,13.7291930112713,28,successful trials only
dynamic_wall,corridor_prior_mppi,runtime_per_step_sec,runtime_per_step_sec,0.04227703829379369,0.00913949641748791,40,all trials with valid values
dynamic_wall,corridor_prior_mppi,control_smoothness_overall,_derived_control_smoothness_overall_per_transition,1.005555436832144,0.36801117907177705,28,successful trials only
dynamic_wall,corridor_prior_mppi,control_smoothness_after,_derived_control_smoothness_after_per_transition,1.1057902318966362,0.37276668927694234,28,successful trials only
dynamic_wall,empirical_init_mppi,control_effort,control_effort,180.35475426105788,22.56885499737534,30,successful trials only
dynamic_wall,empirical_init_mppi,steps,steps,75.36666666666666,12.05299600280686,30,successful trials only
dynamic_wall,empirical_init_mppi,runtime_per_step_sec,runtime_per_step_sec,0.04534900823442615,0.010951946431237094,40,all trials with valid values
dynamic_wall,empirical_init_mppi,control_smoothness_overall,_derived_control_smoothness_overall_per_transition,0.635173130413987,0.21054606020232788,30,successful trials only
dynamic_wall,empirical_init_mppi,control_smoothness_after,_derived_control_smoothness_after_per_transition,0.7157735346194845,0.2160923935444058,30,successful trials only
dynamic_wall,frenet_corridor_mppi,control_effort,control_effort,186.99896004477102,18.64803054442968,38,successful trials only
dynamic_wall,frenet_corridor_mppi,steps,steps,87.44736842105263,9.887741163686318,38,successful trials only
dynamic_wall,frenet_corridor_mppi,runtime_per_step_sec,runtime_per_step_sec,0.0421294679406687,0.009049366571106639,40,all trials with valid values
dynamic_wall,frenet_corridor_mppi,control_smoothness_overall,_derived_control_smoothness_overall_per_transition,0.9976319208231208,0.417393199561607,38,successful trials only
dynamic_wall,frenet_corridor_mppi,control_smoothness_after,_derived_control_smoothness_after_per_transition,1.1476580870720807,0.5161711219209555,38,successful trials only
dynamic_wall,full_swarm_prior_mppi,control_effort,control_effort,174.3612983304575,23.694104950864418,26,successful trials only
dynamic_wall,full_swarm_prior_mppi,steps,steps,94.96153846153847,12.568152670080895,26,successful trials only
dynamic_wall,full_swarm_prior_mppi,runtime_per_step_sec,runtime_per_step_sec,0.04027976867890718,0.008454592372687843,40,all trials with valid values
dynamic_wall,full_swarm_prior_mppi,control_smoothness_overall,_derived_control_smoothness_overall_per_transition,0.7849910951720885,0.27803886331819566,26,successful trials only
dynamic_wall,full_swarm_prior_mppi,control_smoothness_after,_derived_control_smoothness_after_per_transition,0.8468417363311477,0.3362092141778675,26,successful trials only
dynamic_wall,gaussian_prior_mppi,control_effort,control_effort,166.71543561593154,22.14805494432057,25,successful trials only
dynamic_wall,gaussian_prior_mppi,steps,steps,94.0,9.371943946339698,25,successful trials only
dynamic_wall,gaussian_prior_mppi,runtime_per_step_sec,runtime_per_step_sec,0.006731052845594265,0.0009944500697213919,40,all trials with valid values
dynamic_wall,gaussian_prior_mppi,control_smoothness_overall,_derived_control_smoothness_overall_per_transition,0.5223211081230462,0.1532279439245507,25,successful trials only
dynamic_wall,gaussian_prior_mppi,control_smoothness_after,_derived_control_smoothness_after_per_transition,0.5549611779150788,0.15372830899089251,25,successful trials only
dynamic_wall,heatmap_prior_mppi,control_effort,control_effort,174.8896346859527,24.1615548299648,25,successful trials only
dynamic_wall,heatmap_prior_mppi,steps,steps,90.0,16.89427911059441,25,successful trials only
dynamic_wall,heatmap_prior_mppi,runtime_per_step_sec,runtime_per_step_sec,0.04215410049552125,0.009225164541550266,40,all trials with valid values
dynamic_wall,heatmap_prior_mppi,control_smoothness_overall,_derived_control_smoothness_overall_per_transition,0.6899054755170817,0.21927353134792135,25,successful trials only
dynamic_wall,heatmap_prior_mppi,control_smoothness_after,_derived_control_smoothness_after_per_transition,0.6907911341196027,0.2391912114761546,25,successful trials only
dynamic_wall,homotopy_seeded_mppi,control_effort,control_effort,183.89599199975856,28.018478870385657,26,successful trials only
dynamic_wall,homotopy_seeded_mppi,steps,steps,82.1923076923077,19.538718956511413,26,successful trials only
dynamic_wall,homotopy_seeded_mppi,runtime_per_step_sec,runtime_per_step_sec,0.04175533219151419,0.009147389111449257,40,all trials with valid values
dynamic_wall,homotopy_seeded_mppi,control_smoothness_overall,_derived_control_smoothness_overall_per_transition,0.7017234447090701,0.2282580825152248,26,successful trials only
dynamic_wall,homotopy_seeded_mppi,control_smoothness_after,_derived_control_smoothness_after_per_transition,0.6983108516532817,0.2655967916805932,26,successful trials only
dynamic_wall,mode_selecting_corridor_mppi,control_effort,control_effort,180.03384969964435,20.400617184344597,25,successful trials only
dynamic_wall,mode_selecting_corridor_mppi,steps,steps,87.2,9.789450103725608,25,successful trials only
dynamic_wall,mode_selecting_corridor_mppi,runtime_per_step_sec,runtime_per_step_sec,0.023548216111315048,0.0019706365476116782,40,all trials with valid values
dynamic_wall,mode_selecting_corridor_mppi,control_smoothness_overall,_derived_control_smoothness_overall_per_transition,0.8578019436498593,0.24379839482314994,25,successful trials only
dynamic_wall,mode_selecting_corridor_mppi,control_smoothness_after,_derived_control_smoothness_after_per_transition,0.9078040231435608,0.2542963935876741,25,successful trials only
dynamic_wall,mode_selecting_homotopy_mppi,control_effort,control_effort,180.35542824089757,24.947644220176944,25,successful trials only
dynamic_wall,mode_selecting_homotopy_mppi,steps,steps,77.04,10.34198562494972,25,successful trials only
dynamic_wall,mode_selecting_homotopy_mppi,runtime_per_step_sec,runtime_per_step_sec,0.023238344255664154,0.0018532522893954422,40,all trials with valid values
dynamic_wall,mode_selecting_homotopy_mppi,control_smoothness_overall,_derived_control_smoothness_overall_per_transition,0.6962197219031775,0.2903368490209529,25,successful trials only
dynamic_wall,mode_selecting_homotopy_mppi,control_smoothness_after,_derived_control_smoothness_after_per_transition,0.7732392574300684,0.3638189996899961,25,successful trials only
dynamic_wall,standard_mppi,control_effort,control_effort,153.3896760319755,9.30423841483564,21,successful trials only
dynamic_wall,standard_mppi,steps,steps,70.04761904761905,13.926507783634024,21,successful trials only
dynamic_wall,standard_mppi,runtime_per_step_sec,runtime_per_step_sec,0.002664672643723995,0.0004858181436810078,40,all trials with valid values
dynamic_wall,standard_mppi,control_smoothness_overall,_derived_control_smoothness_overall_per_transition,0.20878666614815128,0.09408037962647979,21,successful trials only
dynamic_wall,standard_mppi,control_smoothness_after,_derived_control_smoothness_after_per_transition,0.17639295319488293,0.05554276305997968,21,successful trials only
no_wall,control_bank_mppi,control_effort,control_effort,166.6453064170723,9.522945514187752,10,successful trials only
no_wall,control_bank_mppi,steps,steps,68.8,2.440400695696417,10,successful trials only
no_wall,control_bank_mppi,runtime_per_step_sec,runtime_per_step_sec,0.04758700333790596,0.011853621598358424,10,all trials with valid values
no_wall,control_bank_mppi,control_smoothness_overall,_derived_control_smoothness_overall_per_transition,0.5909826913734165,0.15751717115456612,10,successful trials only
no_wall,control_bank_mppi,control_smoothness_after,_derived_control_smoothness_after_per_transition,,,0,successful trials only
no_wall,corridor_prior_mppi,control_effort,control_effort,170.46681829593032,10.725605101560252,10,successful trials only
no_wall,corridor_prior_mppi,steps,steps,81.7,4.691600058733812,10,successful trials only
no_wall,corridor_prior_mppi,runtime_per_step_sec,runtime_per_step_sec,0.04292568705809972,0.00932826933946549,10,all trials with valid values
no_wall,corridor_prior_mppi,control_smoothness_overall,_derived_control_smoothness_overall_per_transition,0.9721159835817804,0.44459939116049696,10,successful trials only
no_wall,corridor_prior_mppi,control_smoothness_after,_derived_control_smoothness_after_per_transition,,,0,successful trials only
no_wall,empirical_init_mppi,control_effort,control_effort,166.6453064170723,9.522945514187752,10,successful trials only
no_wall,empirical_init_mppi,steps,steps,68.8,2.440400695696417,10,successful trials only
no_wall,empirical_init_mppi,runtime_per_step_sec,runtime_per_step_sec,0.046304822264994654,0.012046959062403028,10,all trials with valid values
no_wall,empirical_init_mppi,control_smoothness_overall,_derived_control_smoothness_overall_per_transition,0.5909826913734165,0.15751717115456612,10,successful trials only
no_wall,empirical_init_mppi,control_smoothness_after,_derived_control_smoothness_after_per_transition,,,0,successful trials only
no_wall,frenet_corridor_mppi,control_effort,control_effort,180.1856987355696,11.802639025549054,10,successful trials only
no_wall,frenet_corridor_mppi,steps,steps,83.3,6.03784361801095,10,successful trials only
no_wall,frenet_corridor_mppi,runtime_per_step_sec,runtime_per_step_sec,0.04263173560580934,0.009276546333614756,10,all trials with valid values
no_wall,frenet_corridor_mppi,control_smoothness_overall,_derived_control_smoothness_overall_per_transition,0.8716326544472519,0.43981428288090363,10,successful trials only
no_wall,frenet_corridor_mppi,control_smoothness_after,_derived_control_smoothness_after_per_transition,,,0,successful trials only
no_wall,full_swarm_prior_mppi,control_effort,control_effort,158.90425949684948,7.839453912524903,10,successful trials only
no_wall,full_swarm_prior_mppi,steps,steps,90.2,5.028805910838963,10,successful trials only
no_wall,full_swarm_prior_mppi,runtime_per_step_sec,runtime_per_step_sec,0.04210572145287284,0.010634006345879687,10,all trials with valid values
no_wall,full_swarm_prior_mppi,control_smoothness_overall,_derived_control_smoothness_overall_per_transition,0.6947864602574306,0.24656633425409596,10,successful trials only
no_wall,full_swarm_prior_mppi,control_smoothness_after,_derived_control_smoothness_after_per_transition,,,0,successful trials only
no_wall,gaussian_prior_mppi,control_effort,control_effort,154.68916513029097,11.636680328710648,10,successful trials only
no_wall,gaussian_prior_mppi,steps,steps,90.1,4.557045826702499,10,successful trials only
no_wall,gaussian_prior_mppi,runtime_per_step_sec,runtime_per_step_sec,0.00670114336037531,0.0009532370734109466,10,all trials with valid values
no_wall,gaussian_prior_mppi,control_smoothness_overall,_derived_control_smoothness_overall_per_transition,0.48662180617228346,0.15778841035341915,10,successful trials only
no_wall,gaussian_prior_mppi,control_smoothness_after,_derived_control_smoothness_after_per_transition,,,0,successful trials only
no_wall,heatmap_prior_mppi,control_effort,control_effort,156.5341895085848,7.146830684133571,9,successful trials only
no_wall,heatmap_prior_mppi,steps,steps,79.55555555555556,4.475240527365851,9,successful trials only
no_wall,heatmap_prior_mppi,runtime_per_step_sec,runtime_per_step_sec,0.04199410481066967,0.009371555454688405,10,all trials with valid values
no_wall,heatmap_prior_mppi,control_smoothness_overall,_derived_control_smoothness_overall_per_transition,0.5974315668769825,0.14523129782574856,9,successful trials only
no_wall,heatmap_prior_mppi,control_smoothness_after,_derived_control_smoothness_after_per_transition,,,0,successful trials only
no_wall,homotopy_seeded_mppi,control_effort,control_effort,165.27340252528603,5.504089338243708,9,successful trials only
no_wall,homotopy_seeded_mppi,steps,steps,70.0,2.23606797749979,9,successful trials only
no_wall,homotopy_seeded_mppi,runtime_per_step_sec,runtime_per_step_sec,0.04322357034485909,0.009960976693254202,10,all trials with valid values
no_wall,homotopy_seeded_mppi,control_smoothness_overall,_derived_control_smoothness_overall_per_transition,0.6603131098588174,0.16139544745477463,9,successful trials only
no_wall,homotopy_seeded_mppi,control_smoothness_after,_derived_control_smoothness_after_per_transition,,,0,successful trials only
no_wall,mode_selecting_corridor_mppi,control_effort,control_effort,171.79454824489935,8.636771259185956,10,successful trials only
no_wall,mode_selecting_corridor_mppi,steps,steps,83.1,3.478505426185217,10,successful trials only
no_wall,mode_selecting_corridor_mppi,runtime_per_step_sec,runtime_per_step_sec,0.023614395159054603,0.0020649245379330675,10,all trials with valid values
no_wall,mode_selecting_corridor_mppi,control_smoothness_overall,_derived_control_smoothness_overall_per_transition,0.8391330729777872,0.26870270708260774,10,successful trials only
no_wall,mode_selecting_corridor_mppi,control_smoothness_after,_derived_control_smoothness_after_per_transition,,,0,successful trials only
no_wall,mode_selecting_homotopy_mppi,control_effort,control_effort,168.2824853734425,16.75872647589039,10,successful trials only
no_wall,mode_selecting_homotopy_mppi,steps,steps,71.7,5.334374898294603,10,successful trials only
no_wall,mode_selecting_homotopy_mppi,runtime_per_step_sec,runtime_per_step_sec,0.023007071520206448,0.0018940625870165295,10,all trials with valid values
no_wall,mode_selecting_homotopy_mppi,control_smoothness_overall,_derived_control_smoothness_overall_per_transition,0.5922151088864298,0.23042373676148636,10,successful trials only
no_wall,mode_selecting_homotopy_mppi,control_smoothness_after,_derived_control_smoothness_after_per_transition,,,0,successful trials only
no_wall,standard_mppi,control_effort,control_effort,150.58418696338543,6.410760090995072,10,successful trials only
no_wall,standard_mppi,steps,steps,67.4,11.2170505134916,10,successful trials only
no_wall,standard_mppi,runtime_per_step_sec,runtime_per_step_sec,0.00272746135282163,0.000906836870127861,10,all trials with valid values
no_wall,standard_mppi,control_smoothness_overall,_derived_control_smoothness_overall_per_transition,0.19704060633051226,0.07861940387538592,10,successful trials only
no_wall,standard_mppi,control_smoothness_after,_derived_control_smoothness_after_per_transition,,,0,successful trials only
static_wall,control_bank_mppi,control_effort,control_effort,181.0904252429863,31.837249903943228,38,successful trials only
static_wall,control_bank_mppi,steps,steps,74.07894736842105,9.598371424213331,38,successful trials only
static_wall,control_bank_mppi,runtime_per_step_sec,runtime_per_step_sec,0.02687569065390007,0.007025153864330276,40,all trials with valid values
static_wall,control_bank_mppi,control_smoothness_overall,_derived_control_smoothness_overall_per_transition,0.6020430435688526,0.24462514806458924,38,successful trials only
static_wall,control_bank_mppi,control_smoothness_after,_derived_control_smoothness_after_per_transition,0.6020430435688526,0.24462514806458924,38,successful trials only
static_wall,corridor_prior_mppi,control_effort,control_effort,178.8341797084225,15.21012435801228,40,successful trials only
static_wall,corridor_prior_mppi,steps,steps,86.925,5.7395948217577795,40,successful trials only
static_wall,corridor_prior_mppi,runtime_per_step_sec,runtime_per_step_sec,0.024297536773489385,0.00624378623805986,40,all trials with valid values
static_wall,corridor_prior_mppi,control_smoothness_overall,_derived_control_smoothness_overall_per_transition,0.9143411899628365,0.3167650187012251,40,successful trials only
static_wall,corridor_prior_mppi,control_smoothness_after,_derived_control_smoothness_after_per_transition,0.9143411899628365,0.3167650187012251,40,successful trials only
static_wall,empirical_init_mppi,control_effort,control_effort,181.0904252429863,31.837249903943228,38,successful trials only
static_wall,empirical_init_mppi,steps,steps,74.07894736842105,9.598371424213331,38,successful trials only
static_wall,empirical_init_mppi,runtime_per_step_sec,runtime_per_step_sec,0.025468165146796572,0.006551490170061063,40,all trials with valid values
static_wall,empirical_init_mppi,control_smoothness_overall,_derived_control_smoothness_overall_per_transition,0.6020430435688526,0.24462514806458924,38,successful trials only
static_wall,empirical_init_mppi,control_smoothness_after,_derived_control_smoothness_after_per_transition,0.6020430435688526,0.24462514806458924,38,successful trials only
static_wall,frenet_corridor_mppi,control_effort,control_effort,187.21502655131195,15.211995772171253,40,successful trials only
static_wall,frenet_corridor_mppi,steps,steps,85.575,5.904746026801292,40,successful trials only
static_wall,frenet_corridor_mppi,runtime_per_step_sec,runtime_per_step_sec,0.024242785553438728,0.006245586700672431,40,all trials with valid values
static_wall,frenet_corridor_mppi,control_smoothness_overall,_derived_control_smoothness_overall_per_transition,0.9265719096791383,0.3225061681247374,40,successful trials only
static_wall,frenet_corridor_mppi,control_smoothness_after,_derived_control_smoothness_after_per_transition,0.9265719096791383,0.3225061681247374,40,successful trials only
static_wall,full_swarm_prior_mppi,control_effort,control_effort,170.53416896339732,14.21202596536739,40,successful trials only
static_wall,full_swarm_prior_mppi,steps,steps,96.75,5.860559175211342,40,successful trials only
static_wall,full_swarm_prior_mppi,runtime_per_step_sec,runtime_per_step_sec,0.02325205095875705,0.006084661732368104,40,all trials with valid values
static_wall,full_swarm_prior_mppi,control_smoothness_overall,_derived_control_smoothness_overall_per_transition,0.7148315168615071,0.3132288846919433,40,successful trials only
static_wall,full_swarm_prior_mppi,control_smoothness_after,_derived_control_smoothness_after_per_transition,0.7148315168615071,0.3132288846919433,40,successful trials only
static_wall,gaussian_prior_mppi,control_effort,control_effort,168.50308706035648,23.438577712417054,40,successful trials only
static_wall,gaussian_prior_mppi,steps,steps,96.975,9.420347590081203,40,successful trials only
static_wall,gaussian_prior_mppi,runtime_per_step_sec,runtime_per_step_sec,0.00495878665341108,0.000577135449842104,40,all trials with valid values
static_wall,gaussian_prior_mppi,control_smoothness_overall,_derived_control_smoothness_overall_per_transition,0.5256080441697721,0.1542664119094505,40,successful trials only
static_wall,gaussian_prior_mppi,control_smoothness_after,_derived_control_smoothness_after_per_transition,0.5256080441697721,0.1542664119094505,40,successful trials only
static_wall,heatmap_prior_mppi,control_effort,control_effort,169.53659802027192,18.282029596296578,39,successful trials only
static_wall,heatmap_prior_mppi,steps,steps,84.35897435897436,6.037109710550237,39,successful trials only
static_wall,heatmap_prior_mppi,runtime_per_step_sec,runtime_per_step_sec,0.024102539034936917,0.006166929301492335,40,all trials with valid values
static_wall,heatmap_prior_mppi,control_smoothness_overall,_derived_control_smoothness_overall_per_transition,0.6613946356982142,0.2746739037173665,39,successful trials only
static_wall,heatmap_prior_mppi,control_smoothness_after,_derived_control_smoothness_after_per_transition,0.6613946356982142,0.2746739037173665,39,successful trials only
static_wall,homotopy_seeded_mppi,control_effort,control_effort,181.0419803029503,33.985731576543046,40,successful trials only
static_wall,homotopy_seeded_mppi,steps,steps,76.125,9.850647512232706,40,successful trials only
static_wall,homotopy_seeded_mppi,runtime_per_step_sec,runtime_per_step_sec,0.024021384219567277,0.006226512067906448,40,all trials with valid values
static_wall,homotopy_seeded_mppi,control_smoothness_overall,_derived_control_smoothness_overall_per_transition,0.7403886848184563,0.3528792761737429,40,successful trials only
static_wall,homotopy_seeded_mppi,control_smoothness_after,_derived_control_smoothness_after_per_transition,0.7403886848184563,0.3528792761737429,40,successful trials only
static_wall,mode_selecting_corridor_mppi,control_effort,control_effort,178.14219224920194,11.356869741020114,40,successful trials only
static_wall,mode_selecting_corridor_mppi,steps,steps,85.225,4.9171990150741465,40,successful trials only
static_wall,mode_selecting_corridor_mppi,runtime_per_step_sec,runtime_per_step_sec,0.02247737655507309,0.0025342727188419397,40,all trials with valid values
static_wall,mode_selecting_corridor_mppi,control_smoothness_overall,_derived_control_smoothness_overall_per_transition,0.8450282690693474,0.18643652010032175,40,successful trials only
static_wall,mode_selecting_corridor_mppi,control_smoothness_after,_derived_control_smoothness_after_per_transition,0.8450282690693474,0.18643652010032175,40,successful trials only
static_wall,mode_selecting_homotopy_mppi,control_effort,control_effort,177.95623806439698,20.03828174883332,40,successful trials only
static_wall,mode_selecting_homotopy_mppi,steps,steps,74.15,5.9292841268074055,40,successful trials only
static_wall,mode_selecting_homotopy_mppi,runtime_per_step_sec,runtime_per_step_sec,0.02195772915690708,0.0023670376164496476,40,all trials with valid values
static_wall,mode_selecting_homotopy_mppi,control_smoothness_overall,_derived_control_smoothness_overall_per_transition,0.7109549422718373,0.3064828564382483,40,successful trials only
static_wall,mode_selecting_homotopy_mppi,control_smoothness_after,_derived_control_smoothness_after_per_transition,0.7109549422718373,0.3064828564382483,40,successful trials only
static_wall,standard_mppi,control_effort,control_effort,154.81534936379828,10.770476581881105,25,successful trials only
static_wall,standard_mppi,steps,steps,71.12,13.80313973944576,25,successful trials only
static_wall,standard_mppi,runtime_per_step_sec,runtime_per_step_sec,0.0024679742291702604,0.00020468693828664848,40,all trials with valid values
static_wall,standard_mppi,control_smoothness_overall,_derived_control_smoothness_overall_per_transition,0.22702876689767326,0.10170613829127387,25,successful trials only
static_wall,standard_mppi,control_smoothness_after,_derived_control_smoothness_after_per_transition,0.22702876689767326,0.10170613829127387,25,successful trials only
